{
  "AL": {"code":"AL","state":"Alabama","agencyName":"Alabama Secretary of State","registrationUrl":"https://www.sos.alabama.gov/business-services"},
  "AK": {"code":"AK","state":"Alaska","agencyName":"AK Division of Corporations, Business & Professional Licensing","registrationUrl":"https://www.commerce.alaska.gov/web/cbpl/Corporations.aspx"},
  "AZ": {"code":"AZ","state":"Arizona","agencyName":"Arizona Corporation Commission","registrationUrl":"https://ecorp.azcc.gov/"},
  "AR": {"code":"AR","state":"Arkansas","agencyName":"Arkansas Secretary of State","registrationUrl":"https://www.sos.arkansas.gov/business-commercial-services-bcs"},
  "CA": {"code":"CA","state":"California","agencyName":"California Secretary of State","registrationUrl":"https://bizfileonline.sos.ca.gov/"},
  "CO": {"code":"CO","state":"Colorado","agencyName":"Colorado Secretary of State","registrationUrl":"https://www.sos.state.co.us/biz/BusinessEntityCriteriaExt.do"},
  "CT": {"code":"CT","state":"Connecticut","agencyName":"Connecticut Secretary of the State","registrationUrl":"https://service.ct.gov/business/s/onlinebusinesscenter"},
  "DE": {"code":"DE","state":"Delaware","agencyName":"Delaware Division of Corporations","registrationUrl":"https://corp.delaware.gov/"},
  "DC": {"code":"DC","state":"District of Columbia","agencyName":"DC DLCP Corporations Division (CorpOnline)","registrationUrl":"https://mybusiness.dc.gov/"},
  "FL": {"code":"FL","state":"Florida","agencyName":"Florida Division of Corporations (Sunbiz)","registrationUrl":"https://dos.myflorida.com/sunbiz/start-a-business/"},
  "GA": {"code":"GA","state":"Georgia","agencyName":"Georgia Secretary of State","registrationUrl":"https://sos.ga.gov/how-to-guide/how-register-business"},
  "HI": {"code":"HI","state":"Hawaii","agencyName":"Hawaii Business Registration Division","registrationUrl":"https://hbe.ehawaii.gov/documents/register.html"},
  "ID": {"code":"ID","state":"Idaho","agencyName":"Idaho Secretary of State","registrationUrl":"https://sos.idaho.gov/business-services/"},
  "IL": {"code":"IL","state":"Illinois","agencyName":"Illinois Secretary of State","registrationUrl":"https://www.ilsos.gov/departments/business_services/home.html"},
  "IN": {"code":"IN","state":"Indiana","agencyName":"INBiz","registrationUrl":"https://inbiz.in.gov/"},
  "IA": {"code":"IA","state":"Iowa","agencyName":"Iowa Secretary of State","registrationUrl":"https://sos.iowa.gov/business/"},
  "KS": {"code":"KS","state":"Kansas","agencyName":"Kansas Secretary of State","registrationUrl":"https://www.sos.ks.gov/business/business.html"},
  "KY": {"code":"KY","state":"Kentucky","agencyName":"Kentucky Secretary of State","registrationUrl":"https://sos.ky.gov/business/Pages/default.aspx"},
  "LA": {"code":"LA","state":"Louisiana","agencyName":"Louisiana Secretary of State","registrationUrl":"https://www.sos.la.gov/BusinessServices/Pages/default.aspx"},
  "ME": {"code":"ME","state":"Maine","agencyName":"Maine Secretary of State","registrationUrl":"https://www.maine.gov/sos/cec/corp/index.html"},
  "MD": {"code":"MD","state":"Maryland","agencyName":"Maryland SDAT","registrationUrl":"https://egov.maryland.gov/businessexpress/entitysearch"},
  "MA": {"code":"MA","state":"Massachusetts","agencyName":"Massachusetts Secretary of the Commonwealth","registrationUrl":"https://www.sec.state.ma.us/divisions/corporations/corporations.htm"},
  "MI": {"code":"MI","state":"Michigan","agencyName":"Michigan LARA Corporations","registrationUrl":"https://www.michigan.gov/lara/bureau-list/cscl"},
  "MN": {"code":"MN","state":"Minnesota","agencyName":"Minnesota Secretary of State","registrationUrl":"https://www.sos.state.mn.us/business-liens/start-a-business/"},
  "MS": {"code":"MS","state":"Mississippi","agencyName":"Mississippi Secretary of State","registrationUrl":"https://www.sos.ms.gov/business-services"},
  "MO": {"code":"MO","state":"Missouri","agencyName":"Missouri Secretary of State","registrationUrl":"https://www.sos.mo.gov/business"},
  "MT": {"code":"MT","state":"Montana","agencyName":"Montana Secretary of State","registrationUrl":"https://sosmt.gov/business/"},
  "NE": {"code":"NE","state":"Nebraska","agencyName":"Nebraska Secretary of State","registrationUrl":"https://www.nebraska.gov/sos/corp/"},
  "NV": {"code":"NV","state":"Nevada","agencyName":"Nevada Secretary of State","registrationUrl":"https://www.nvsos.gov/sos/businesses"},
  "NH": {"code":"NH","state":"New Hampshire","agencyName":"New Hampshire Secretary of State","registrationUrl":"https://sos.nh.gov/corporation-division/"},
  "NJ": {"code":"NJ","state":"New Jersey","agencyName":"NJ Treasury DORES","registrationUrl":"https://www.nj.gov/treasury/revenue/gettingregistered.shtml"},
  "NM": {"code":"NM","state":"New Mexico","agencyName":"New Mexico Secretary of State","registrationUrl":"https://portal.sos.state.nm.us/BFS/online/Account"},
  "NY": {"code":"NY","state":"New York","agencyName":"New York Department of State","registrationUrl":"https://dos.ny.gov/corporations"},
  "NC": {"code":"NC","state":"North Carolina","agencyName":"North Carolina Secretary of State","registrationUrl":"https://www.sosnc.gov/divisions/business_registration"},
  "ND": {"code":"ND","state":"North Dakota","agencyName":"North Dakota Secretary of State / FirstStop","registrationUrl":"https://firststop.sos.nd.gov/"},
  "OH": {"code":"OH","state":"Ohio","agencyName":"Ohio Secretary of State","registrationUrl":"https://www.ohiosos.gov/businesses/"},
  "OK": {"code":"OK","state":"Oklahoma","agencyName":"Oklahoma Secretary of State","registrationUrl":"https://www.sos.ok.gov/business/default.aspx"},
  "OR": {"code":"OR","state":"Oregon","agencyName":"Oregon Secretary of State","registrationUrl":"https://sos.oregon.gov/business/Pages/default.aspx"},
  "PA": {"code":"PA","state":"Pennsylvania","agencyName":"Pennsylvania Department of State","registrationUrl":"https://file.dos.pa.gov/"},
  "RI": {"code":"RI","state":"Rhode Island","agencyName":"Rhode Island Secretary of State","registrationUrl":"https://sos.ri.gov/divisions/business-services"},
  "SC": {"code":"SC","state":"South Carolina","agencyName":"South Carolina Secretary of State","registrationUrl":"https://sos.sc.gov/online-filings/business-entities/file-and-search-online"},
  "SD": {"code":"SD","state":"South Dakota","agencyName":"South Dakota Secretary of State","registrationUrl":"https://sos.sd.gov/business/"},
  "TN": {"code":"TN","state":"Tennessee","agencyName":"Tennessee Secretary of State","registrationUrl":"https://sos.tennessee.gov/business-services"},
  "TX": {"code":"TX","state":"Texas","agencyName":"Texas Secretary of State (SOSDirect)","registrationUrl":"https://www.sos.state.tx.us/corp/sosda/index.shtml"},
  "UT": {"code":"UT","state":"Utah","agencyName":"Utah Division of Corporations","registrationUrl":"https://corporations.utah.gov/"},
  "VT": {"code":"VT","state":"Vermont","agencyName":"Vermont Secretary of State","registrationUrl":"https://sos.vermont.gov/corporations/"},
  "VA": {"code":"VA","state":"Virginia","agencyName":"Virginia SCC","registrationUrl":"https://cis.scc.virginia.gov/"},
  "WA": {"code":"WA","state":"Washington","agencyName":"Washington Secretary of State","registrationUrl":"https://www.sos.wa.gov/corps"},
  "WV": {"code":"WV","state":"West Virginia","agencyName":"West Virginia Secretary of State","registrationUrl":"https://apps.sos.wv.gov/business/corporations/"},
  "WI": {"code":"WI","state":"Wisconsin","agencyName":"Wisconsin DFI","registrationUrl":"https://dfi.wi.gov/Pages/BusinessServices/BusinessRegistration.aspx"},
  "WY": {"code":"WY","state":"Wyoming","agencyName":"Wyoming Secretary of State","registrationUrl":"https://wyobiz.wyo.gov/Business/Filing.aspx"}
}
